No.,URL,Title,Description
1,https://axiom-ai-chi.vercel.app/,AI & Digital Transformation Solutions for Businesses | Axiom AI,"Drive growth with Axiom AI digital transformation solutions, including ERP transformation, managed delivery, and sustainable strategies to improve efficiency and performance."
2,https://axiom-ai-chi.vercel.app/ai-implementation,AI Implementation Services for Business Automation & Growth,"Transform operations with AI implementation services. Automate workflows, improve efficiency, & smarter decision-making with tailored AI solutions."
3,https://axiom-ai-chi.vercel.app/erp-transformation,ERP Transformation Services for Scalable Business Systems,"Modernize legacy systems with ERP transformation services. Improve efficiency, integrate processes & scale operations with advanced digital solutions."
4,https://axiom-ai-chi.vercel.app/data-analytics,Data Analytics Services for Insights & Business Growth,"Unlock insights with data analytics services. Turn data into smarter decisions, improve performance, and drive business growth with AI-powered analytics."
5,https://axiom-ai-chi.vercel.app/managed-delivery,Managed Delivery Services for Efficient Project Execution,"Ensure seamless project execution with managed delivery services. Optimize workflows, reduce risks, and achieve faster results with expert-driven solutions."
6,https://axiom-ai-chi.vercel.app/sustainability,AI Sustainability Solutions | Carbon Tracking & ESG Automation,"Drive impact with sustainability solutions. Enable carbon tracking, automate ESG reporting, and optimize performance with data-driven insights."
7,https://axiom-ai-chi.vercel.app/services,"Our AI, ERP & Business Transformation Services | Axiom AI","Explore Axiom AI’s services in AI implementation, ERP transformation, managed delivery, and sustainability to optimize operations and scale efficiently."
8,https://axiom-ai-chi.vercel.app/use-cases,AI Use Cases Across Industries & Business Functions | Axiom AI,"Explore real-world AI use cases across industries, leveraging automation and intelligent strategies to improve efficiency and outcomes."
9,https://axiom-ai-chi.vercel.app/insights,"AI Insights, Trends & Digital Transformation Blogs | Axiom AI","Stay updated with AI trends, industry insights, and digital transformation strategies to drive innovation and smarter decision-making with Axiom AI."
10,https://axiom-ai-chi.vercel.app/about,About Axiom AI - Driving Innovation with AI Solutions,"Learn about Axiom AI, our mission, expertise, and commitment to delivering AI-driven solutions that transform businesses and accelerate growth."
11,https://axiom-ai-chi.vercel.app/contact,Contact Us for AI & Digital Solutions | Axiom AI,"Get in touch with Axiom AI for expert AI, ERP, and data solutions. Let’s discuss how we can transform your business with tailored strategies."
12,https://axiom-ai-chi.vercel.app/privacy-policy,Privacy Policy - Data Protection & Security | Axiom AI,"Read Axiom AI’s privacy policy to understand how we collect, use, and protect your data while ensuring transparency and security."
13,https://axiom-ai-chi.vercel.app/terms-of-usage,Terms of Usage - Website Policies & Conditions | Axiom AI,"Review Axiom AI’s terms of usage to understand website policies, user responsibilities, and conditions governing the use of our services."